<?xml version='1.0' encoding='UTF-8' ?>
<timeLogEntries>
  <time id="1" path="/keren/PSP0/Planning" start="@1631319126000" delta="1" />
  <time id="2" path="/TI 1_ Keren López/PSP0/Planning" start="@1631371251772" delta="176" interrupt="20" comment="Se avanzó en el planteamiento del método de la ingeniería, revisamos las fases 1 y 2 (identificación del problema y recopilación de la información necesaria)." />
  <time id="5" path="/TI 1_ Keren López/PSP0/Planning" start="@1631715072485" delta="115" comment="Revisamos las fases 2 y 3 (reopilación de la información necesaria y busqueda de soluciones creativas). Añadimos definiciones, organizamos distintas alternativas y elegimos una técnica para generar ideas." />
  <time id="6" path="/TI 1_ Keren López/PSP0/Planning" start="@1631886381488" delta="129" comment="Terminamos de plantear las fases 3 y 4 del método de la ingeniería" />
  <time id="7" path="/TI 1_ Keren López/PSP0/Planning" start="@1631925417051" delta="13" comment="Miramos la fase 5 de evaluación y selección de la mejor solución" />
  <time id="8" path="/TI 1_ Keren López/PSP0/Planning" start="@1631934280930" delta="109" comment="Finalizamos la fase 5 e iniciamos la 6 (preparación de informes y especificaciones)" />
  <time id="9" path="/TI 1_ Keren López/PSP0/Planning" start="@1631975593267" delta="87" comment="Terminamos las etapas 5 y 6, dándolas por finalizadas" />
  <time id="10" path="/TI 1_ Keren López/PSP0/Design" start="@1631981425000" delta="104" comment="Revisamos la fase 7 del método de la ingeniería y realizamos los TADs de cada una de las estructuras que vamos a implementar" />
  <time id="11" path="/TI 1_ Keren López/PSP0/Design" start="@1631993998000" delta="79" comment="Avanzamos en la creación de un borrador para el diagrama de clases del proyecto" />
  <time id="12" path="/TI 1_ Keren López/PSP0/Design" start="@1632105326000" delta="77" comment="Modificamos el diagrama de clases, quedan dudas por resolver" />
  <time id="13" path="/TI 1_ Keren López/PSP0/Design" start="@1632364042623" delta="122" comment="Planteamos el diseño de algunas pantallas (mockups)" />
  <time id="14" path="/TI 1_ Keren López/PSP0/Design" start="@1632525280000" delta="97" comment="Modificamos el diagrama de clases y los mockups" />
  <time id="15" path="/TI 1_ Keren López/PSP0/Design" start="@1632537688000" delta="115" comment="Finalizamos mockups y creamos archivos fxml del projecto" />
  <time id="16" path="/TI 1_ Keren López/PSP0/Code" start="@1632546233260" delta="59" comment="Se añadieron metodos a la clase Main y VideogameStore. Asimismo se creo la clase VideogameStoreGUI" />
  <time id="17" path="/TI 1_ Keren López/PSP0/Code" start="@1632581868000" delta="188" comment="Se crearon todas las clases relacionadas con la estructura Stack (IStack, Stack y NodeS). También, se realizaron cambios en la clase VideogameStoreGUI." />
  <time id="18" path="/TI 1_ Keren López/PSP0/Code" start="@1632600821000" delta="188" comment="Se modifico la clase Client. Se agregaron nuevos metodos relacionados con los algoritmos de ordenamiento, la bolsa de compra y el cesto del cliente." />
  <time id="19" path="/TI 1_ Keren López/PSP0/Code" start="@1632622783964" delta="205" comment="Se trabajó en la relación entre la GUI, la clase controladora y los diferentes métodos de la clase Client para su respectivo funcionamiento." />
  <time id="20" path="/TI 1_ Keren López/PSP0/Design" start="@1632668607393" delta="118" comment="Se realizó la configuración de los escenarios y el diseño de casos de prueba para la estructura stack." />
  <time id="22" path="/TI 1_ Keren López/PSP0/Code" start="@1632683450748" delta="51" interrupt="2" comment="Se modificaron los algoritmos de ordenamiento" />
  <time id="23" path="/TI 1_ Keren López/PSP0/Design" start="@1632709020893" delta="53" comment="Se planteó el análisis de complejidad temporal y espacial de los algoritmos de ordenamiento" />
  <time id="24" path="/TI 1_ Keren López/PSP0/Design" start="@1632713150452" delta="44" comment="Se plantearon las pruebas unitarias de la estructura Queue" />
  <time id="25" path="/TI 1_ Keren López/PSP0/Design" start="@1632797485212" delta="170" comment="Se cambió el diseño de los archivos fxml del programa" />
  <time id="26" path="/TI 1_ Keren López/PSP0/Test" start="@1632846108338" delta="78" comment="Se codificaron las pruebas de la estructura Stack del programa" />
</timeLogEntries>
