<?xml version='1.0' encoding='UTF-8' ?>
<timeLogEntries>
  <time id="1" path="/TI1_Angelica_Corrales/PSP0/Planning" start="@1631371257000" delta="177" interrupt="19" comment="Se avanzó en el planteamiento del método de la ingeniería, se revisaron las fases 1 y 2 (identificación del problema y recopilación de la información necesaria)" />
  <time id="2" path="/TI1_Angelica_Corrales/PSP0/Planning" start="@1631383285000" />
  <time id="3" path="/TI1_Angelica_Corrales/PSP0/Planning" start="@1631715212731" delta="114" comment="Lluvia de ideas" />
  <time id="4" path="/TI1_Angelica_Corrales/PSP0/Planning" start="@1631886334258" delta="130" comment="Fase 4" />
  <time id="5" path="/TI1_Angelica_Corrales/PSP0/Planning" start="@1631925419506" delta="12" comment="Fase 4" />
  <time id="6" path="/TI1_Angelica_Corrales/PSP0/Planning" start="@1631934269945" delta="110" comment="Fase 4, 5,6" />
  <time id="7" path="/TI1_Angelica_Corrales/PSP0/Planning" start="@1631974086335" delta="113" comment="Fase 6" />
  <time id="8" path="/TI1_Angelica_Corrales/PSP0/Design" start="@1631981432105" delta="104" comment="Avance TADS" />
  <time id="9" path="/TI1_Angelica_Corrales/PSP0/Design" start="@1631993991328" delta="79" comment="Terminó TADS, Avance en diagrama UML" />
  <time id="10" path="/TI1_Angelica_Corrales/PSP0/Design" start="@1632105364920" delta="76" comment="Avance diagrama UML" />
  <time id="11" path="/TI1_Angelica_Corrales/PSP0/Design" start="@1632194072712" delta="41" comment="Avance diseño" />
  <time id="12" path="/TI1_Angelica_Corrales/PSP0/Design" start="@1632364283133" delta="118" comment="Avance mockups" />
  <time id="13" path="/TI1_Angelica_Corrales/PSP0/Design" start="@1632525246549" delta="97" comment="Avance mockups, diag UML" />
  <time id="14" path="/TI1_Angelica_Corrales/PSP0/Design" start="@1632537689627" delta="115" comment="Mockups terminados, fxml creados" />
  <time id="15" path="/TI1_Angelica_Corrales/PSP0/Code" start="@1632546254883" delta="58" comment="Avance ui" />
  <time id="16" path="/TI1_Angelica_Corrales/PSP0/Code" start="@1632581851625" delta="225" comment="Avance HashTable" />
  <time id="17" path="/TI1_Angelica_Corrales/PSP0/Code" start="@1632600810141" delta="189" comment="Avance HashTbale" />
  <time id="18" path="/TI1_Angelica_Corrales/PSP0/Code" start="@1632618172698" delta="287" comment="HashTable terminado" />
  <time id="19" path="/TI1_Angelica_Corrales/PSP0/Design" start="@1632668617117" delta="113" comment="Diseño de casos de pruebas unitarias" />
  <time id="20" path="/TI1_Angelica_Corrales/PSP0/Code" start="@1632675417571" delta="58" comment="Implementación casos de prueba" />
  <time id="21" path="/TI1_Angelica_Corrales/PSP0/Code" start="@1632683013508" delta="90" comment="Implementación casos de prueba" />
  <time id="22" path="/TI1_Angelica_Corrales/PSP0/Code" start="@1632688403147" delta="23" comment="Corrección de bugs" />
  <time id="23" path="/TI1_Angelica_Corrales/PSP0/Code" start="@1632689835693" delta="9" />
  <time id="24" path="/TI1_Angelica_Corrales/PSP0/Code" start="@1632694776181" delta="117" comment="Corrección de bugs" />
  <time id="25" path="/TI1_Angelica_Corrales/PSP0/Code" start="@1632707501825" delta="155" comment="Corrección de bugs" />
  <time id="26" path="/TI1_Angelica_Corrales/PSP0/Design" start="@1632795582870" delta="83" comment="Análisis espacial y temporal. TADs modificados" />
  <time id="27" path="/TI1_Angelica_Corrales/PSP0/Test" start="@1632800882147" delta="156" comment="Test de VideogameStore" />
</timeLogEntries>
