<?xml version='1.0' encoding='UTF-8' ?>
<timeLogEntries>
  <time id="1" path="/TI1_Diana Olano/Etapas PSP0/Planning" start="@1631371706153" delta="169" interrupt="19" comment="Se avanzo en el planteamiento del metodo de ingenieria, revisamos las fases 1 y 2 (Indentificacion del problema y recopilación de la información necesari)." />
  <time id="2" path="/TI1_Diana Olano/Etapas PSP0/Planning" start="@1631715102002" delta="114" interrupt="1" comment="Se avanzo en el planteamiento del metodo de ingenieria, revisamos las fases 2 y 3 (Definicion de palabras y lluvia de ideas)." />
  <time id="3" path="/TI1_Diana Olano/Etapas PSP0/Planning" start="@1631886381509" delta="129" comment="Se termino la fase 4 del metodo de ingenieria" />
  <time id="4" path="/TI1_Diana Olano/Etapas PSP0/Planning" start="@1631925302345" delta="14" comment="Se reviso la fase 5 del metodo de ingenieria" />
  <time id="5" path="/TI1_Diana Olano/Etapas PSP0/Planning" start="@1631934229745" delta="110" comment="Finalizamos las fase 5 y se inicio con la fase 6 del metodo de ingenieria" />
  <time id="6" path="/TI1_Diana Olano/Etapas PSP0/Planning" start="@1631974081513" delta="113" comment="Se finalizo la etapa 6 del metodo de la ingenieria" />
  <time id="7" path="/TI1_Diana Olano/Etapas PSP0/Design" start="@1631981426427" delta="104" comment="Se empezo con la parte del diseño y se termino la parte de los TAD'S" />
  <time id="8" path="/TI1_Diana Olano/Etapas PSP0/Design" start="@1631993995889" delta="79" comment="Se socializo la parte de los TAD´S y se empezo a diseñar el diagrama de clases" />
  <time id="9" path="/TI1_Diana Olano/Etapas PSP0/Design" start="@1632105325930" delta="77" comment="Se realizo un bosquejo general del diagrama de clase del proyecto" />
  <time id="10" path="/TI1_Diana Olano/Etapas PSP0/Design" start="@1632194080588" delta="41" comment="Avance de diseño" />
  <time id="11" path="/TI1_Diana Olano/Etapas PSP0/Design" start="@1632364282358" delta="118" comment="Se planeo los mockups del proyecto" />
  <time id="12" path="/TI1_Diana Olano/Etapas PSP0/Design" start="@1632525240769" delta="97" comment="Se modifico el diagrama de clases y los mockups" />
  <time id="13" path="/TI1_Diana Olano/Etapas PSP0/Design" start="@1632537736495" delta="114" comment="Se añadio los fxmls del programa" />
  <time id="14" path="/TI1_Diana Olano/Etapas PSP0/Code" start="@1632546279747" delta="58" comment="Se empezo a codificar, se realizo el metodo para iniciar la pantalla de bienvenida" />
  <time id="15" path="/TI1_Diana Olano/Etapas PSP0/Code" start="@1632581848562" delta="201" comment="Se agregaron nuevos metodos a la GUI" />
  <time id="16" path="/TI1_Diana Olano/Etapas PSP0/Code" start="@1632600824888" delta="188" comment="Se agrego metodos para añadirle juegos al cliente" />
  <time id="17" path="/TI1_Diana Olano/Etapas PSP0/Code" start="@1632618174073" delta="7" comment="Se aareglo errores de los metodos" />
  <time id="18" path="/TI1_Diana Olano/Etapas PSP0/Code" start="@1632620207897" delta="256" comment="Se añadio nuevos metodos a la GUI" />
  <time id="19" path="/TI1_Diana Olano/Etapas PSP0/Code" start="@1632667227537" delta="22" />
  <time id="20" path="/TI1_Diana Olano/Etapas PSP0/Code" start="@1632668592461" delta="44" />
  <time id="21" path="/TI1_Diana Olano/Etapas PSP0/Code" start="@1632672907877" delta="100" />
  <time id="22" path="/TI1_Diana Olano/Etapas PSP0/Code" start="@1632683198180" delta="120" />
  <time id="23" path="/TI1_Diana Olano/Etapas PSP0/Code" start="@1632695541473" delta="104" />
  <time id="24" path="/TI1_Diana Olano/Etapas PSP0/Code" start="@1632706430279" delta="173" />
  <time id="25" path="/TI1_Diana Olano/Etapas PSP0/Test" start="@1632797482796" delta="112" comment="Se realizo las pruebas unitarias de la estructura de datos Queuee" />
</timeLogEntries>
